Player,Age,Team,Pos,G,GS,MP,FG,FGA,FG%,3P,3PA,3P%,2P,2PA,2P%,eFG%,FT,FTA,FT%,ORB,DRB,TRB,AST,STL,BLK,TOV,PF,PTS,Season
James Harden,29.0,HOU,PG,78.0,78.0,36.8,10.8,24.5,0.442,4.8,13.2,0.368,6.0,11.3,0.528,0.541,9.7,11.0,0.879,0.8,5.8,6.6,7.5,2.0,0.7,5.0,3.1,36.1,2018-19
Paul George,28.0,OKC,SF,77.0,77.0,36.9,9.2,21.0,0.438,3.8,9.8,0.386,5.4,11.1,0.484,0.529,5.9,7.0,0.839,1.4,6.8,8.2,4.1,2.2,0.4,2.7,2.8,28.0,2018-19
Giannis Antetokounmpo,24.0,MIL,PF,72.0,72.0,32.8,10.0,17.3,0.578,0.7,2.8,0.256,9.3,14.5,0.641,0.599,6.9,9.5,0.729,2.2,10.3,12.5,5.9,1.3,1.5,3.7,3.2,27.7,2018-19
Joel Embiid,24.0,PHI,C,64.0,64.0,33.7,9.1,18.7,0.484,1.2,4.1,0.3,7.8,14.6,0.535,0.517,8.2,10.1,0.804,2.5,11.1,13.6,3.7,0.7,1.9,3.5,3.3,27.5,2018-19
LeBron James,34.0,LAL,SF,55.0,55.0,35.2,10.1,19.9,0.51,2.0,5.9,0.339,8.1,14.0,0.582,0.56,5.1,7.6,0.665,1.0,7.4,8.5,8.3,1.3,0.6,3.6,1.7,27.4,2018-19
Stephen Curry,30.0,GSW,PG,69.0,69.0,33.8,9.2,19.4,0.472,5.1,11.7,0.437,4.0,7.7,0.525,0.604,3.8,4.2,0.916,0.7,4.7,5.3,5.2,1.3,0.4,2.8,2.4,27.3,2018-19
Kawhi Leonard,27.0,TOR,SF,60.0,60.0,34.0,9.3,18.8,0.496,1.9,5.0,0.371,7.5,13.8,0.542,0.546,6.1,7.1,0.854,1.3,6.0,7.3,3.3,1.8,0.4,2.0,1.5,26.6,2018-19
Kevin Durant,30.0,GSW,SF,78.0,78.0,34.6,9.2,17.7,0.521,1.8,5.0,0.353,7.5,12.8,0.587,0.571,5.7,6.5,0.885,0.4,5.9,6.4,5.9,0.7,1.1,2.9,2.0,26.0,2018-19
Anthony Davis,25.0,NOP,C,56.0,56.0,33.0,9.5,18.3,0.517,0.9,2.6,0.331,8.6,15.7,0.547,0.54,6.1,7.7,0.794,3.1,8.9,12.0,3.9,1.6,2.4,2.0,2.4,25.9,2018-19
Damian Lillard,28.0,POR,PG,80.0,80.0,35.5,8.5,19.2,0.444,3.0,8.0,0.369,5.6,11.1,0.499,0.522,5.9,6.4,0.912,0.9,3.8,4.6,6.9,1.1,0.4,2.7,1.9,25.8,2018-19
Bradley Beal,25.0,WAS,SG,82.0,82.0,36.9,9.3,19.6,0.475,2.5,7.3,0.351,6.8,12.4,0.548,0.54,4.4,5.5,0.808,1.1,3.9,5.0,5.5,1.5,0.7,2.7,2.8,25.6,2018-19
Kemba Walker,28.0,CHO,PG,82.0,82.0,34.9,8.9,20.5,0.434,3.2,8.9,0.356,5.7,11.6,0.494,0.511,4.6,5.5,0.844,0.6,3.8,4.4,5.9,1.2,0.4,2.6,1.6,25.6,2018-19
Blake Griffin,29.0,DET,PF,75.0,75.0,35.0,8.3,17.9,0.462,2.5,7.0,0.362,5.7,10.9,0.525,0.532,5.5,7.3,0.753,1.3,6.2,7.5,5.4,0.7,0.4,3.4,2.7,24.5,2018-19
Karl-Anthony Towns,23.0,MIN,C,77.0,77.0,33.1,8.8,17.1,0.518,1.8,4.6,0.4,7.0,12.5,0.562,0.572,4.9,5.8,0.836,3.4,9.0,12.4,3.4,0.9,1.6,3.1,3.8,24.4,2018-19
Kyrie Irving,26.0,BOS,PG,67.0,67.0,33.0,9.0,18.5,0.487,2.6,6.5,0.401,6.4,12.0,0.533,0.557,3.2,3.7,0.873,1.1,3.9,5.0,6.9,1.5,0.5,2.6,2.5,23.8,2018-19
Russell Westbrook,30.0,OKC,PG,73.0,73.0,36.0,8.6,20.2,0.428,1.6,5.6,0.29,7.0,14.5,0.481,0.468,4.1,6.2,0.656,1.5,9.6,11.1,10.7,1.9,0.5,4.5,3.4,22.9,2018-19
Klay Thompson,28.0,GSW,SG,78.0,78.0,34.0,8.4,18.0,0.467,3.1,7.7,0.402,5.3,10.3,0.516,0.553,1.7,2.0,0.816,0.5,3.4,3.8,2.4,1.1,0.6,1.5,2.0,21.5,2018-19
LaMarcus Aldridge,33.0,SAS,C,81.0,81.0,33.2,8.4,16.3,0.519,0.1,0.5,0.238,8.3,15.8,0.528,0.522,4.3,5.1,0.847,3.1,6.1,9.2,2.4,0.5,1.3,1.8,2.2,21.3,2018-19
Luka Dončić,19.0,DAL,SG,72.0,72.0,32.2,7.0,16.5,0.427,2.3,7.1,0.327,4.7,9.3,0.503,0.497,4.8,6.7,0.713,1.2,6.6,7.8,6.0,1.1,0.3,3.4,1.9,21.2,2018-19
D'Angelo Russell,22.0,BRK,PG,81.0,81.0,30.2,8.1,18.7,0.434,2.9,7.8,0.369,5.2,10.9,0.482,0.512,2.0,2.5,0.78,0.7,3.2,3.9,7.0,1.2,0.2,3.1,1.7,21.1,2018-19
Nikola Vučević,28.0,ORL,C,80.0,80.0,31.4,8.8,16.9,0.518,1.1,2.9,0.364,7.7,14.0,0.549,0.549,2.2,2.8,0.789,2.8,9.2,12.0,3.8,1.0,1.1,2.0,2.0,20.8,2018-19
Nikola Jokić,23.0,DEN,C,80.0,80.0,31.3,7.7,15.1,0.511,1.0,3.4,0.307,6.7,11.7,0.569,0.545,3.6,4.4,0.821,2.9,8.0,10.8,7.3,1.4,0.7,3.1,2.9,20.1,2018-19
Lou Williams,32.0,LAC,SG,75.0,1.0,26.6,6.5,15.2,0.425,1.4,3.9,0.361,5.1,11.3,0.447,0.471,5.7,6.5,0.876,0.5,2.4,3.0,5.4,0.8,0.1,2.4,1.1,20.0,2018-19
Trae Young,20.0,ATL,PG,81.0,81.0,30.9,6.5,15.5,0.418,1.9,6.0,0.324,4.6,9.6,0.477,0.48,4.2,5.1,0.829,0.8,2.9,3.7,8.1,0.9,0.2,3.8,1.7,19.1,2018-19
Victor Oladipo,26.0,IND,SG,36.0,36.0,31.9,6.9,16.3,0.423,2.1,6.0,0.343,4.9,10.3,0.47,0.486,2.9,3.9,0.73,0.6,5.0,5.6,5.2,1.7,0.3,2.3,2.0,18.8,2018-19
Khris Middleton,27.0,MIL,SF,77.0,77.0,31.1,6.6,14.9,0.441,2.3,6.2,0.378,4.2,8.8,0.485,0.519,2.8,3.4,0.837,0.6,5.3,6.0,4.3,1.0,0.1,2.3,2.2,18.3,2018-19
Derrick Rose,30.0,MIN,PG,51.0,13.0,27.3,7.1,14.8,0.482,1.1,2.9,0.37,6.1,11.9,0.509,0.518,2.7,3.1,0.856,0.6,2.1,2.7,4.3,0.6,0.2,1.6,1.1,18.0,2018-19
Pascal Siakam,24.0,TOR,PF,80.0,79.0,31.9,6.5,11.8,0.549,1.0,2.7,0.369,5.5,9.1,0.602,0.591,3.0,3.8,0.785,1.6,5.3,6.9,3.1,0.9,0.7,1.9,3.0,16.9,2018-19
Ben Simmons,22.0,PHI,PG,79.0,79.0,34.2,6.8,12.2,0.563,0.0,0.1,0.0,6.8,12.1,0.566,0.563,3.3,5.4,0.6,2.2,6.6,8.8,7.7,1.4,0.8,3.5,2.6,16.9,2018-19
Spencer Dinwiddie,25.0,BRK,PG,68.0,4.0,28.1,5.4,12.2,0.442,1.8,5.4,0.335,3.6,6.7,0.528,0.517,4.2,5.2,0.806,0.4,2.1,2.4,4.6,0.6,0.3,2.2,2.8,16.8,2018-19
Collin Sexton,20.0,CLE,PG,82.0,72.0,31.8,6.3,14.7,0.43,1.5,3.6,0.402,4.9,11.1,0.44,0.48,2.6,3.1,0.839,0.7,2.2,2.9,3.0,0.5,0.1,2.3,2.3,16.7,2018-19
Montrezl Harrell,25.0,LAC,C,82.0,5.0,26.3,6.7,10.8,0.615,0.0,0.2,0.176,6.6,10.6,0.623,0.617,3.2,5.0,0.643,2.2,4.3,6.5,2.0,0.9,1.3,1.6,3.1,16.6,2018-19
Deandre Ayton,20.0,PHO,C,71.0,70.0,30.7,7.2,12.3,0.585,0.0,0.1,0.0,7.2,12.2,0.588,0.585,2.0,2.7,0.746,3.1,7.1,10.3,1.8,0.9,0.9,1.8,2.9,16.3,2018-19
Rudy Gobert,26.0,UTA,C,81.0,80.0,31.8,5.9,8.8,0.669,0.0,0.0,,5.9,8.8,0.669,0.669,4.1,6.4,0.636,3.8,9.0,12.9,2.0,0.8,2.3,1.6,2.9,15.9,2018-19
Dennis Schröder,25.0,OKC,PG,79.0,14.0,29.3,5.8,14.0,0.414,1.6,4.6,0.341,4.2,9.4,0.45,0.47,2.4,2.9,0.819,0.5,3.1,3.6,4.1,0.8,0.2,2.2,2.4,15.5,2018-19
Terrence Ross,27.0,ORL,SG,81.0,0.0,26.5,5.4,12.7,0.428,2.7,7.0,0.383,2.8,5.7,0.484,0.534,1.6,1.8,0.875,0.3,3.1,3.5,1.7,0.9,0.4,1.1,1.5,15.1,2018-19
Dwyane Wade,37.0,MIA,SG,72.0,2.0,26.2,5.8,13.3,0.433,1.2,3.6,0.33,4.6,9.7,0.472,0.478,2.3,3.2,0.708,1.0,3.0,4.0,4.2,0.8,0.5,2.3,1.6,15.0,2018-19
Marvin Bagley III,19.0,SAC,PF,62.0,4.0,25.3,5.7,11.4,0.504,0.5,1.5,0.313,5.3,9.8,0.534,0.525,2.9,4.2,0.691,2.6,5.0,7.6,1.0,0.5,1.0,1.6,1.9,14.9,2018-19
Kyle Lowry,32.0,TOR,PG,65.0,65.0,34.0,4.7,11.4,0.411,2.4,7.0,0.347,2.3,4.4,0.514,0.518,2.5,3.0,0.83,0.6,4.2,4.8,8.7,1.4,0.5,2.8,2.6,14.2,2018-19
Domantas Sabonis,22.0,IND,C,74.0,5.0,24.8,5.6,9.5,0.59,0.1,0.2,0.529,5.5,9.2,0.592,0.596,2.8,3.9,0.715,2.5,6.8,9.3,2.9,0.6,0.4,2.2,3.2,14.1,2018-19
Jaren Jackson Jr.,19.0,MEM,PF,58.0,56.0,26.1,5.1,10.2,0.506,0.9,2.4,0.359,4.3,7.7,0.553,0.549,2.6,3.4,0.766,1.3,3.4,4.7,1.1,0.9,1.4,1.7,3.8,13.8,2018-19
Myles Turner,22.0,IND,C,74.0,74.0,28.6,5.1,10.5,0.487,1.0,2.6,0.388,4.1,7.9,0.521,0.536,2.0,2.7,0.736,1.4,5.8,7.2,1.6,0.8,2.7,1.4,2.6,13.3,2018-19
Jae Crowder,28.0,UTA,SF,80.0,11.0,27.1,4.0,10.0,0.399,2.2,6.5,0.331,1.8,3.4,0.527,0.508,1.8,2.5,0.721,0.8,4.1,4.8,1.7,0.8,0.4,1.1,2.1,11.9,2018-19
Malik Beasley,22.0,DEN,SG,81.0,18.0,23.2,4.3,9.1,0.474,2.0,5.0,0.402,2.3,4.1,0.56,0.584,0.7,0.8,0.848,0.4,2.0,2.5,1.2,0.7,0.1,0.7,1.4,11.3,2018-19
Jarrett Allen,20.0,BRK,C,80.0,80.0,26.2,4.2,7.1,0.59,0.1,0.6,0.133,4.1,6.5,0.629,0.595,2.5,3.5,0.709,2.4,6.0,8.4,1.4,0.5,1.5,1.3,2.3,10.9,2018-19
Shai Gilgeous-Alexander,20.0,LAC,PG,82.0,73.0,26.5,4.2,8.7,0.476,0.6,1.7,0.367,3.5,7.0,0.503,0.512,1.9,2.4,0.8,0.7,2.1,2.8,3.3,1.2,0.5,1.7,2.1,10.8,2018-19
Monte Morris,23.0,DEN,PG,82.0,6.0,24.0,4.2,8.6,0.493,1.1,2.8,0.414,3.1,5.8,0.531,0.56,0.8,1.0,0.802,0.4,1.9,2.4,3.6,0.9,0.0,0.6,1.2,10.4,2018-19
Marcus Smart,24.0,BOS,SG,80.0,60.0,27.5,3.0,7.1,0.422,1.6,4.3,0.364,1.4,2.8,0.511,0.533,1.3,1.6,0.806,0.7,2.2,2.9,4.0,1.8,0.4,1.5,2.5,8.9,2018-19
Dāvis Bertāns,26.0,SAS,PF,76.0,12.0,21.5,2.7,6.0,0.45,1.9,4.4,0.429,0.8,1.5,0.513,0.61,0.7,0.8,0.883,0.3,3.2,3.5,1.3,0.5,0.4,0.6,1.8,8.0,2018-19
Josh Okogie,20.0,MIN,SG,74.0,52.0,23.7,2.6,6.9,0.386,0.8,2.9,0.279,1.8,4.0,0.464,0.445,1.6,2.2,0.728,0.6,2.4,2.9,1.2,1.2,0.4,0.9,2.2,7.7,2018-19
Patrick Beverley,30.0,LAC,PG,78.0,49.0,27.4,2.5,6.1,0.407,1.4,3.6,0.397,1.1,2.5,0.421,0.524,1.2,1.6,0.78,1.0,4.0,5.0,3.8,0.9,0.6,1.1,3.4,7.6,2018-19
Draymond Green,28.0,GSW,PF,66.0,66.0,31.3,2.8,6.4,0.445,0.7,2.5,0.285,2.1,3.9,0.549,0.501,1.0,1.4,0.692,0.9,6.4,7.3,6.9,1.4,1.1,2.6,3.0,7.4,2018-19
Dirk Nowitzki,40.0,DAL,PF,51.0,20.0,15.6,2.6,7.4,0.359,1.3,4.0,0.312,1.4,3.4,0.415,0.444,0.8,1.0,0.78,0.1,3.0,3.1,0.7,0.2,0.4,0.4,1.5,7.3,2018-19
Mitchell Robinson,20.0,NYK,C,66.0,19.0,20.6,3.1,4.4,0.694,0.0,0.0,,3.1,4.4,0.694,0.694,1.2,2.0,0.6,2.7,3.7,6.4,0.6,0.8,2.4,0.5,3.3,7.3,2018-19
Ed Davis,29.0,BRK,C,81.0,1.0,17.9,2.3,3.7,0.616,0.0,0.0,0.0,2.3,3.7,0.62,0.616,1.2,2.0,0.617,2.7,5.9,8.6,0.8,0.4,0.4,0.8,2.8,5.8,2018-19
Andre Iguodala,35.0,GSW,SF,68.0,13.0,23.2,2.2,4.4,0.5,0.7,2.1,0.333,1.5,2.3,0.652,0.579,0.6,1.0,0.582,0.7,3.0,3.7,3.2,0.9,0.8,0.8,1.4,5.7,2018-19
James Harden,30.0,HOU,SG,68.0,68.0,36.5,9.9,22.3,0.444,4.4,12.4,0.355,5.5,9.9,0.556,0.543,10.2,11.8,0.865,1.0,5.5,6.6,7.5,1.8,0.9,4.5,3.3,34.3,2019-20
Damian Lillard,29.0,POR,PG,66.0,66.0,37.5,9.5,20.4,0.463,4.1,10.2,0.401,5.4,10.2,0.524,0.563,7.0,7.8,0.888,0.5,3.8,4.3,8.0,1.1,0.3,2.9,1.7,30.0,2019-20
Trae Young,21.0,ATL,PG,60.0,60.0,35.3,9.1,20.8,0.437,3.4,9.5,0.361,5.7,11.4,0.501,0.519,8.0,9.3,0.86,0.5,3.7,4.3,9.3,1.1,0.1,4.8,1.7,29.6,2019-20
Giannis Antetokounmpo,25.0,MIL,PF,63.0,63.0,30.4,10.9,19.7,0.553,1.4,4.7,0.304,9.5,15.0,0.631,0.589,6.3,10.0,0.633,2.2,11.4,13.6,5.6,1.0,1.0,3.7,3.1,29.5,2019-20
Luka Dončić,20.0,DAL,PG,61.0,61.0,33.6,9.5,20.6,0.463,2.8,8.9,0.316,6.7,11.7,0.574,0.531,7.0,9.2,0.758,1.3,8.1,9.4,8.8,1.0,0.2,4.3,2.5,28.8,2019-20
Russell Westbrook,31.0,HOU,PG,57.0,57.0,35.9,10.6,22.5,0.472,1.0,3.7,0.258,9.6,18.7,0.514,0.493,5.1,6.7,0.763,1.8,6.2,7.9,7.0,1.6,0.4,4.5,3.5,27.2,2019-20
Kawhi Leonard,28.0,LAC,SF,57.0,57.0,32.4,9.3,19.9,0.47,2.2,5.7,0.378,7.2,14.2,0.506,0.524,6.2,7.1,0.886,0.9,6.1,7.1,4.9,1.8,0.6,2.6,2.0,27.1,2019-20
Devin Booker,23.0,PHO,SG,70.0,70.0,35.9,9.0,18.3,0.489,2.0,5.7,0.354,6.9,12.6,0.549,0.544,6.7,7.3,0.919,0.4,3.8,4.2,6.5,0.7,0.3,3.8,3.0,26.6,2019-20
Anthony Davis,26.0,LAL,PF,62.0,62.0,34.4,8.9,17.7,0.503,1.2,3.5,0.33,7.7,14.2,0.546,0.536,7.2,8.5,0.846,2.3,7.0,9.3,3.2,1.5,2.3,2.5,2.5,26.1,2019-20
LeBron James,35.0,LAL,PG,67.0,67.0,34.6,9.6,19.4,0.493,2.2,6.3,0.348,7.4,13.1,0.564,0.55,3.9,5.7,0.693,1.0,6.9,7.8,10.2,1.2,0.5,3.9,1.8,25.3,2019-20
Donovan Mitchell,23.0,UTA,SG,69.0,69.0,34.3,8.7,19.4,0.449,2.5,6.9,0.366,6.2,12.6,0.494,0.513,4.0,4.7,0.863,0.8,3.6,4.4,4.3,1.0,0.2,2.7,2.5,24.0,2019-20
Brandon Ingram,22.0,NOP,PF,62.0,62.0,33.9,8.2,17.7,0.463,2.4,6.2,0.391,5.8,11.5,0.501,0.531,5.0,5.9,0.851,0.8,5.3,6.1,4.2,1.0,0.6,3.0,2.9,23.8,2019-20
Jayson Tatum,21.0,BOS,PF,66.0,66.0,34.3,8.4,18.6,0.45,2.9,7.1,0.403,5.5,11.5,0.48,0.527,3.8,4.7,0.812,1.0,6.0,7.0,3.0,1.4,0.9,2.3,2.1,23.4,2019-20
Joel Embiid,25.0,PHI,C,51.0,51.0,29.5,7.5,15.7,0.477,1.1,3.4,0.331,6.4,12.3,0.517,0.512,6.9,8.5,0.807,2.8,8.9,11.6,3.0,0.9,1.3,3.1,3.4,23.0,2019-20
Pascal Siakam,25.0,TOR,PF,60.0,60.0,35.2,8.3,18.4,0.453,2.2,6.1,0.359,6.2,12.3,0.499,0.512,4.0,5.1,0.792,1.1,6.3,7.3,3.5,1.0,0.9,2.5,2.8,22.9,2019-20
Zion Williamson,19.0,NOP,PF,24.0,24.0,27.8,8.8,15.0,0.583,0.3,0.6,0.429,8.5,14.4,0.59,0.592,4.8,7.4,0.64,2.7,3.6,6.3,2.1,0.7,0.4,2.5,1.8,22.5,2019-20
Khris Middleton,28.0,MIL,SF,62.0,59.0,29.9,7.6,15.3,0.497,2.4,5.7,0.415,5.2,9.6,0.546,0.575,3.4,3.7,0.916,0.7,5.5,6.2,4.3,0.9,0.1,2.2,2.3,20.9,2019-20
Kemba Walker,29.0,BOS,PG,56.0,56.0,31.1,6.8,15.9,0.425,3.2,8.4,0.381,3.5,7.4,0.476,0.526,3.7,4.3,0.864,0.6,3.2,3.9,4.8,0.9,0.5,2.1,1.6,20.4,2019-20
Jimmy Butler,30.0,MIA,SF,58.0,58.0,33.8,5.9,13.1,0.455,0.5,2.1,0.244,5.4,11.0,0.495,0.474,7.6,9.1,0.834,1.8,4.8,6.7,6.0,1.8,0.6,2.2,1.4,19.9,2019-20
Nikola Jokić,24.0,DEN,C,73.0,73.0,32.0,7.7,14.7,0.528,1.1,3.5,0.314,6.6,11.2,0.594,0.565,3.4,4.1,0.817,2.3,7.5,9.7,7.0,1.2,0.6,3.1,3.0,19.9,2019-20
Kyle Lowry,33.0,TOR,PG,58.0,58.0,36.2,5.8,13.8,0.416,2.8,8.0,0.352,2.9,5.8,0.504,0.518,5.1,5.9,0.857,0.6,4.5,5.0,7.5,1.4,0.4,3.1,3.3,19.4,2019-20
Dennis Schröder,26.0,OKC,PG,65.0,2.0,30.8,7.0,14.8,0.469,1.9,5.0,0.385,5.0,9.8,0.513,0.534,3.0,3.6,0.839,0.3,3.3,3.6,4.0,0.7,0.2,2.6,2.2,18.9,2019-20
Montrezl Harrell,26.0,LAC,C,63.0,2.0,27.8,7.5,12.9,0.58,0.0,0.3,0.0,7.5,12.6,0.593,0.58,3.7,5.6,0.658,2.6,4.5,7.1,1.7,0.6,1.1,1.7,2.3,18.6,2019-20
Domantas Sabonis,23.0,IND,PF,62.0,62.0,34.8,7.4,13.7,0.54,0.3,1.1,0.254,7.1,12.6,0.565,0.55,3.5,4.8,0.723,3.0,9.4,12.4,5.0,0.8,0.5,2.7,3.1,18.5,2019-20
Lou Williams,33.0,LAC,PG,65.0,8.0,28.7,6.0,14.4,0.418,1.7,4.8,0.352,4.3,9.6,0.451,0.477,4.5,5.2,0.861,0.5,2.6,3.1,5.6,0.7,0.2,2.8,1.2,18.2,2019-20
Derrick Rose,31.0,DET,PG,50.0,15.0,26.0,7.4,15.1,0.49,0.9,2.9,0.306,6.5,12.1,0.535,0.52,2.4,2.8,0.871,0.5,1.9,2.4,5.6,0.8,0.3,2.5,1.0,18.1,2019-20
Ja Morant,20.0,MEM,PG,67.0,67.0,31.0,6.7,14.0,0.477,0.9,2.7,0.335,5.8,11.3,0.511,0.509,3.6,4.6,0.776,0.8,3.1,3.9,7.3,0.9,0.3,3.3,1.6,17.8,2019-20
Andre Drummond,26.0,2TM,C,57.0,56.0,33.0,7.3,13.8,0.533,0.1,0.6,0.143,7.2,13.1,0.551,0.536,3.0,5.2,0.575,4.4,10.8,15.2,2.7,1.9,1.6,3.6,3.5,17.7,2019-20
Chris Paul,34.0,OKC,PG,70.0,70.0,31.5,6.2,12.7,0.489,1.6,4.3,0.365,4.6,8.3,0.554,0.552,3.6,4.0,0.907,0.4,4.6,5.0,6.7,1.6,0.2,2.3,2.3,17.6,2019-20
Ben Simmons,23.0,PHI,PG,57.0,57.0,35.4,6.6,11.4,0.58,0.0,0.1,0.286,6.5,11.2,0.583,0.581,3.2,5.2,0.621,2.0,5.8,7.8,8.0,2.1,0.6,3.5,3.3,16.4,2019-20
Goran Dragić,33.0,MIA,PG,59.0,3.0,28.2,5.4,12.3,0.441,2.1,5.7,0.367,3.3,6.5,0.505,0.526,3.2,4.2,0.776,0.5,2.7,3.2,5.1,0.7,0.2,2.4,2.1,16.2,2019-20
Bam Adebayo,22.0,MIA,PF,72.0,72.0,33.6,6.1,11.0,0.557,0.0,0.2,0.143,6.1,10.8,0.564,0.558,3.7,5.3,0.691,2.4,7.8,10.2,5.1,1.1,1.3,2.8,2.5,15.9,2019-20
Hassan Whiteside,30.0,POR,C,67.0,61.0,30.0,6.5,10.5,0.621,0.1,0.1,0.571,6.4,10.4,0.622,0.624,2.4,3.6,0.686,3.9,9.7,13.5,1.2,0.4,2.9,1.8,2.9,15.5,2019-20
Dāvis Bertāns,27.0,WAS,PF,54.0,4.0,29.3,4.9,11.3,0.434,3.7,8.7,0.424,1.2,2.6,0.471,0.598,1.9,2.3,0.852,0.6,3.9,4.5,1.7,0.7,0.6,1.1,2.6,15.4,2019-20
Kendrick Nunn,24.0,MIA,PG,67.0,67.0,29.3,6.0,13.6,0.439,2.0,5.8,0.35,3.9,7.8,0.505,0.514,1.3,1.5,0.85,0.3,2.4,2.7,3.3,0.8,0.2,1.7,2.3,15.3,2019-20
Rudy Gobert,27.0,UTA,C,68.0,68.0,34.3,5.7,8.2,0.693,0.0,0.0,,5.7,8.2,0.693,0.693,3.7,5.9,0.63,3.4,10.1,13.5,1.5,0.8,2.0,1.9,3.2,15.1,2019-20
RJ Barrett,19.0,NYK,SG,56.0,55.0,30.4,5.2,13.0,0.402,1.1,3.5,0.32,4.1,9.5,0.432,0.445,2.8,4.5,0.614,0.9,4.1,5.0,2.6,1.0,0.3,2.2,2.2,14.3,2019-20
Eric Paschall,23.0,GSW,PF,60.0,26.0,27.6,5.3,10.7,0.497,0.6,2.2,0.287,4.7,8.5,0.55,0.526,2.7,3.5,0.774,1.4,3.2,4.6,2.1,0.5,0.2,1.6,2.1,14.0,2019-20
Coby White,19.0,CHI,PG,65.0,1.0,25.8,4.8,12.2,0.394,2.0,5.8,0.354,2.8,6.4,0.43,0.478,1.6,2.0,0.791,0.4,3.1,3.5,2.7,0.8,0.1,1.7,1.8,13.2,2019-20
Christian Wood,24.0,DET,PF,62.0,12.0,21.4,4.6,8.2,0.567,0.9,2.3,0.386,3.8,5.9,0.636,0.62,2.9,3.9,0.744,1.7,4.6,6.3,1.0,0.5,0.9,1.4,1.6,13.1,2019-20
Marcus Smart,25.0,BOS,SG,60.0,40.0,32.0,4.3,11.4,0.375,2.3,6.6,0.347,2.0,4.8,0.415,0.476,2.1,2.5,0.836,0.7,3.1,3.8,4.9,1.7,0.5,1.7,2.7,12.9,2019-20
Brandon Clarke,23.0,MEM,PF,58.0,4.0,22.4,5.1,8.3,0.618,0.4,1.1,0.359,4.7,7.2,0.658,0.642,1.5,1.9,0.759,1.6,4.4,5.9,1.4,0.6,0.8,0.9,1.7,12.1,2019-20
Brook Lopez,31.0,MIL,C,68.0,67.0,26.7,4.3,9.9,0.435,1.5,4.8,0.314,2.8,5.1,0.549,0.511,1.9,2.2,0.836,0.9,3.7,4.6,1.5,0.7,2.4,1.0,2.4,12.0,2019-20
Jarrett Allen,21.0,BRK,C,70.0,64.0,26.5,4.3,6.6,0.649,0.0,0.1,0.0,4.3,6.6,0.658,0.649,2.4,3.9,0.633,3.1,6.5,9.6,1.6,0.6,1.3,1.1,2.3,11.1,2019-20
George Hill,33.0,MIL,PG,59.0,2.0,21.5,3.3,6.4,0.516,1.4,3.0,0.46,1.9,3.4,0.565,0.624,1.4,1.7,0.842,0.8,2.2,3.0,3.1,0.8,0.1,1.0,1.4,9.4,2019-20
Patrick Beverley,31.0,LAC,PG,51.0,50.0,26.3,2.9,6.7,0.431,1.6,4.0,0.388,1.3,2.6,0.496,0.548,0.6,0.9,0.66,1.1,4.1,5.2,3.6,1.1,0.5,1.3,3.1,7.9,2019-20
Terence Davis,22.0,TOR,SG,72.0,4.0,16.8,2.8,6.1,0.456,1.3,3.4,0.388,1.5,2.7,0.541,0.564,0.7,0.8,0.864,0.7,2.6,3.3,1.6,0.5,0.2,1.1,1.7,7.5,2019-20
Dwight Howard,34.0,LAL,C,69.0,2.0,18.9,2.9,4.0,0.729,0.0,0.1,0.6,2.9,3.9,0.732,0.735,1.6,3.1,0.514,2.5,4.9,7.3,0.7,0.4,1.1,1.2,3.2,7.5,2019-20
Stephen Curry,32.0,GSW,PG,63.0,63.0,34.2,10.4,21.7,0.482,5.3,12.7,0.421,5.1,9.0,0.569,0.605,5.7,6.3,0.916,0.5,5.0,5.5,5.8,1.2,0.1,3.4,1.9,32.0,2020-21
Bradley Beal,27.0,WAS,SG,60.0,60.0,35.8,11.2,23.0,0.485,2.2,6.2,0.349,9.0,16.8,0.535,0.532,6.8,7.7,0.889,1.2,3.5,4.7,4.4,1.2,0.4,3.1,2.3,31.3,2020-21
Damian Lillard,30.0,POR,PG,67.0,67.0,35.8,9.0,19.9,0.451,4.1,10.5,0.391,4.9,9.4,0.519,0.554,6.7,7.2,0.928,0.5,3.7,4.2,7.5,0.9,0.3,3.0,1.5,28.8,2020-21
Joel Embiid,26.0,PHI,C,51.0,51.0,31.1,9.0,17.6,0.513,1.1,3.0,0.377,7.9,14.6,0.541,0.545,9.2,10.7,0.859,2.2,8.4,10.6,2.8,1.0,1.4,3.1,2.4,28.5,2020-21
Giannis Antetokounmpo,26.0,MIL,PF,61.0,61.0,33.0,10.3,18.0,0.569,1.1,3.6,0.303,9.2,14.4,0.636,0.6,6.5,9.5,0.685,1.6,9.4,11.0,5.9,1.2,1.2,3.4,2.8,28.1,2020-21
Luka Dončić,21.0,DAL,PG,66.0,66.0,34.3,9.8,20.5,0.479,2.9,8.3,0.35,6.9,12.2,0.567,0.55,5.2,7.1,0.73,0.8,7.2,8.0,8.6,1.0,0.5,4.3,2.3,27.7,2020-21
Zach LaVine,25.0,CHI,SG,58.0,58.0,35.1,9.8,19.4,0.507,3.4,8.2,0.419,6.4,11.1,0.571,0.596,4.4,5.1,0.849,0.6,4.4,5.0,4.9,0.8,0.5,3.5,2.4,27.4,2020-21
Zion Williamson,20.0,NOP,PF,61.0,61.0,33.2,10.4,17.0,0.611,0.2,0.6,0.294,10.2,16.4,0.622,0.616,6.0,8.7,0.698,2.7,4.5,7.2,3.7,0.9,0.6,2.7,2.2,27.0,2020-21
Kevin Durant,32.0,BRK,PF,35.0,32.0,33.1,9.3,17.2,0.537,2.4,5.4,0.45,6.8,11.8,0.577,0.608,6.0,6.8,0.882,0.4,6.7,7.1,5.6,0.7,1.3,3.4,2.0,26.9,2020-21
Kyrie Irving,28.0,BRK,PG,54.0,54.0,34.9,10.2,20.1,0.506,2.8,7.0,0.402,7.4,13.1,0.561,0.576,3.7,4.0,0.922,1.0,3.8,4.8,6.0,1.4,0.7,2.4,2.6,26.9,2020-21
Nikola Jokić,25.0,DEN,C,72.0,72.0,34.6,10.2,18.0,0.566,1.3,3.3,0.388,8.9,14.7,0.606,0.602,4.8,5.5,0.868,2.8,8.0,10.8,8.3,1.3,0.7,3.1,2.7,26.4,2020-21
Donovan Mitchell,24.0,UTA,PG,53.0,53.0,33.4,9.0,20.6,0.438,3.4,8.7,0.386,5.7,11.9,0.476,0.52,5.0,6.0,0.845,0.9,3.5,4.4,5.2,1.0,0.3,2.8,2.2,26.4,2020-21
Jayson Tatum,22.0,BOS,SF,64.0,64.0,35.8,9.5,20.6,0.459,2.9,7.6,0.386,6.5,13.0,0.502,0.53,4.6,5.3,0.868,0.8,6.6,7.4,4.3,1.2,0.5,2.7,1.9,26.4,2020-21
Devin Booker,24.0,PHO,SG,67.0,67.0,33.9,9.3,19.2,0.484,1.9,5.5,0.34,7.4,13.7,0.543,0.533,5.1,5.9,0.867,0.5,3.7,4.2,4.3,0.8,0.2,3.1,2.7,25.6,2020-21
LeBron James,36.0,LAL,PG,45.0,45.0,33.4,9.4,18.3,0.513,2.3,6.3,0.365,7.1,12.0,0.591,0.576,4.0,5.7,0.698,0.6,7.0,7.7,7.8,1.1,0.6,3.7,1.6,25.0,2020-21
Kawhi Leonard,29.0,LAC,SF,52.0,52.0,34.1,8.9,17.5,0.512,1.9,4.9,0.398,7.0,12.6,0.557,0.568,5.0,5.7,0.885,1.1,5.4,6.5,5.2,1.6,0.4,2.0,1.6,24.8,2020-21
Jaylen Brown,24.0,BOS,SG,58.0,58.0,34.5,9.3,19.2,0.484,2.8,7.1,0.397,6.5,12.1,0.536,0.558,3.3,4.3,0.764,1.2,4.8,6.0,3.4,1.2,0.6,2.7,2.9,24.7,2020-21
James Harden,31.0,2TM,PG,44.0,43.0,36.6,7.8,16.7,0.466,2.8,7.6,0.362,5.0,9.1,0.553,0.548,6.3,7.3,0.861,0.8,7.1,7.9,10.8,1.2,0.8,4.0,2.3,24.6,2020-21
Julius Randle,26.0,NYK,PF,71.0,71.0,37.6,8.5,18.6,0.456,2.3,5.5,0.411,6.2,13.1,0.474,0.516,4.9,6.0,0.811,1.2,9.0,10.2,6.0,0.9,0.3,3.4,3.2,24.1,2020-21
Nikola Vučević,30.0,2TM,C,70.0,70.0,33.5,9.5,19.9,0.477,2.5,6.3,0.4,7.0,13.7,0.513,0.54,1.9,2.2,0.84,2.1,9.6,11.7,3.8,0.9,0.7,1.8,2.0,23.4,2020-21
Paul George,30.0,LAC,SF,54.0,54.0,33.7,8.2,17.6,0.467,3.2,7.7,0.411,5.1,9.9,0.51,0.557,3.7,4.2,0.868,0.8,5.8,6.6,5.2,1.1,0.4,3.3,2.4,23.3,2020-21
Russell Westbrook,32.0,WAS,PG,65.0,65.0,36.4,8.4,19.0,0.439,1.3,4.2,0.315,7.0,14.8,0.475,0.474,4.2,6.4,0.656,1.7,9.9,11.5,11.7,1.4,0.4,4.8,2.9,22.2,2020-21
Anthony Davis,27.0,LAL,PF,36.0,36.0,32.3,8.4,17.0,0.491,0.7,2.8,0.26,7.6,14.3,0.536,0.512,4.4,5.9,0.738,1.7,6.2,7.9,3.1,1.3,1.6,2.1,1.7,21.8,2020-21
Jimmy Butler,31.0,MIA,SF,52.0,52.0,33.6,7.0,14.2,0.497,0.5,2.0,0.245,6.6,12.2,0.538,0.514,6.9,8.0,0.863,1.8,5.1,6.9,7.1,2.1,0.3,2.1,1.4,21.5,2020-21
Domantas Sabonis,24.0,IND,PF,62.0,62.0,36.0,7.8,14.6,0.535,0.8,2.6,0.321,7.0,12.0,0.582,0.564,3.9,5.3,0.732,2.4,9.5,12.0,6.7,1.2,0.5,3.4,3.3,20.3,2020-21
Anthony Edwards,19.0,MIN,SG,72.0,55.0,32.1,7.0,16.8,0.417,2.4,7.2,0.329,4.6,9.6,0.483,0.488,2.9,3.8,0.776,0.8,3.8,4.7,2.9,1.1,0.5,2.2,1.8,19.3,2020-21
Bam Adebayo,23.0,MIA,C,64.0,64.0,33.5,7.1,12.5,0.57,0.0,0.1,0.25,7.1,12.4,0.573,0.571,4.4,5.5,0.799,2.2,6.7,9.0,5.4,1.2,1.0,2.6,2.3,18.7,2020-21
Jordan Clarkson,28.0,UTA,SG,68.0,1.0,26.7,6.7,15.8,0.425,3.1,8.8,0.347,3.7,7.0,0.523,0.522,1.9,2.1,0.896,0.7,3.3,4.0,2.5,0.9,0.1,1.7,1.6,18.4,2020-21
Jrue Holiday,30.0,MIL,PG,59.0,56.0,32.3,7.0,13.9,0.503,1.9,4.8,0.392,5.1,9.2,0.561,0.57,1.8,2.3,0.787,1.2,3.3,4.5,6.1,1.6,0.6,2.2,1.7,17.7,2020-21
Tim Hardaway Jr.,28.0,DAL,SG,70.0,31.0,28.4,5.8,13.0,0.447,3.0,7.6,0.391,2.9,5.5,0.524,0.56,2.0,2.5,0.816,0.3,3.0,3.3,1.8,0.4,0.2,0.9,1.6,16.6,2020-21
Chris Paul,35.0,PHO,PG,70.0,70.0,31.4,6.3,12.6,0.499,1.5,3.7,0.395,4.8,8.9,0.543,0.557,2.4,2.6,0.934,0.4,4.1,4.5,8.9,1.4,0.3,2.2,2.4,16.4,2020-21
Mike Conley,33.0,UTA,PG,51.0,51.0,29.4,5.6,12.5,0.444,2.7,6.6,0.412,2.9,6.0,0.479,0.552,2.4,2.8,0.852,0.7,2.8,3.5,6.0,1.4,0.2,1.9,1.9,16.2,2020-21
LaMelo Ball,19.0,CHO,PG,51.0,31.0,28.8,5.7,13.2,0.436,1.8,5.1,0.352,3.9,8.1,0.489,0.504,2.5,3.2,0.758,1.2,4.7,5.9,6.1,1.6,0.4,2.8,2.7,15.7,2020-21
Clint Capela,26.0,ATL,C,63.0,63.0,30.1,6.6,11.0,0.594,0.0,0.0,,6.6,11.0,0.594,0.594,2.1,3.6,0.573,4.7,9.6,14.3,0.8,0.7,2.0,1.2,2.3,15.2,2020-21
Derrick Rose,32.0,2TM,PG,50.0,3.0,25.6,5.7,12.2,0.47,1.0,2.6,0.388,4.7,9.6,0.492,0.511,2.2,2.5,0.866,0.4,2.2,2.6,4.2,1.0,0.4,1.6,1.1,14.7,2020-21
Rudy Gobert,28.0,UTA,C,71.0,71.0,30.8,5.5,8.2,0.675,0.0,0.1,0.0,5.5,8.1,0.68,0.675,3.3,5.3,0.623,3.4,10.1,13.5,1.3,0.6,2.7,1.7,2.3,14.3,2020-21
Ben Simmons,24.0,PHI,PG,58.0,58.0,32.4,5.6,10.1,0.557,0.1,0.2,0.3,5.6,9.9,0.562,0.56,3.0,4.9,0.613,1.6,5.6,7.2,6.9,1.6,0.6,3.0,2.9,14.3,2020-21
Chris Boucher,28.0,TOR,C,60.0,14.0,24.2,4.8,9.3,0.514,1.5,3.9,0.383,3.3,5.4,0.609,0.595,2.5,3.2,0.788,2.0,4.8,6.7,1.1,0.6,1.9,0.8,2.8,13.6,2020-21
Montrezl Harrell,27.0,LAL,C,69.0,1.0,22.9,5.4,8.7,0.622,0.0,0.1,0.0,5.4,8.6,0.632,0.622,2.6,3.7,0.707,2.3,3.9,6.2,1.1,0.7,0.7,1.1,1.9,13.5,2020-21
Carmelo Anthony,36.0,POR,PF,69.0,3.0,24.5,4.7,11.3,0.421,1.9,4.7,0.409,2.8,6.6,0.429,0.506,2.0,2.2,0.89,0.5,2.6,3.1,1.5,0.7,0.6,0.9,2.1,13.4,2020-21
Tyrese Haliburton,20.0,SAC,PG,58.0,20.0,30.1,5.0,10.7,0.472,2.1,5.1,0.409,2.9,5.6,0.529,0.569,0.8,1.0,0.857,0.7,2.3,3.0,5.3,1.3,0.5,1.6,1.4,13.0,2020-21
Shake Milton,24.0,PHI,SG,63.0,4.0,23.2,4.8,10.6,0.45,1.1,3.2,0.35,3.6,7.4,0.494,0.503,2.3,2.8,0.83,0.5,1.8,2.3,3.1,0.6,0.3,1.6,2.1,13.0,2020-21
Miles Bridges,22.0,CHO,PF,66.0,19.0,29.3,4.7,9.4,0.503,1.8,4.4,0.4,3.0,5.0,0.593,0.596,1.5,1.7,0.867,1.2,4.8,6.0,2.2,0.7,0.8,1.6,2.2,12.7,2020-21
Jalen Brunson,24.0,DAL,PG,68.0,12.0,25.0,4.8,9.2,0.523,1.2,2.9,0.405,3.6,6.3,0.578,0.588,1.8,2.2,0.795,0.4,3.0,3.4,3.5,0.5,0.0,1.2,1.6,12.6,2020-21
Myles Turner,24.0,IND,C,47.0,47.0,31.0,4.4,9.2,0.477,1.5,4.4,0.335,2.9,4.8,0.606,0.557,2.4,3.0,0.782,1.3,5.2,6.5,1.0,0.9,3.4,1.4,3.5,12.6,2020-21
Saddiq Bey,21.0,DET,SF,70.0,53.0,27.3,4.0,9.9,0.404,2.5,6.6,0.38,1.5,3.3,0.45,0.53,1.8,2.1,0.844,0.6,3.9,4.5,1.4,0.7,0.2,0.9,1.6,12.2,2020-21
Joe Ingles,33.0,UTA,SF,67.0,30.0,27.9,4.1,8.4,0.489,2.7,6.1,0.451,1.4,2.3,0.59,0.652,1.1,1.3,0.844,0.4,3.2,3.6,4.7,0.7,0.2,1.7,1.8,12.1,2020-21
Thaddeus Young,32.0,CHI,PF,68.0,23.0,24.3,5.4,9.7,0.559,0.2,0.7,0.267,5.3,9.1,0.58,0.568,1.0,1.7,0.628,2.5,3.8,6.2,4.3,1.1,0.6,2.0,2.2,12.1,2020-21
Bobby Portis,25.0,MIL,C,66.0,7.0,20.8,4.7,9.1,0.523,1.1,2.4,0.471,3.6,6.7,0.542,0.585,0.8,1.1,0.74,1.9,5.2,7.1,1.1,0.8,0.4,0.8,1.7,11.4,2020-21
Enes Freedom,28.0,POR,C,72.0,35.0,24.4,4.7,7.8,0.604,0.0,0.1,0.25,4.7,7.7,0.607,0.605,1.8,2.3,0.774,3.9,7.1,11.0,1.2,0.5,0.7,1.1,2.3,11.2,2020-21
Kentavious Caldwell-Pope,27.0,LAL,SG,67.0,67.0,28.4,3.3,7.6,0.431,1.8,4.4,0.41,1.5,3.2,0.46,0.549,1.4,1.7,0.866,0.4,2.3,2.7,1.9,0.9,0.4,1.0,1.7,9.7,2020-21
T.J. McConnell,28.0,IND,PG,69.0,3.0,26.0,4.0,7.1,0.559,0.2,0.7,0.313,3.8,6.4,0.586,0.574,0.5,0.7,0.688,0.8,2.9,3.7,6.6,1.9,0.3,2.0,1.6,8.6,2020-21
Draymond Green,30.0,GSW,PF,63.0,63.0,31.5,2.7,6.0,0.447,0.5,2.0,0.27,2.2,4.0,0.535,0.492,1.1,1.4,0.795,0.9,6.3,7.1,8.9,1.7,0.8,3.0,3.1,7.0,2020-21
Facundo Campazzo,29.0,DEN,PG,65.0,19.0,21.9,1.8,4.8,0.381,1.2,3.3,0.352,0.7,1.5,0.444,0.502,1.2,1.4,0.879,0.3,1.7,2.1,3.6,1.2,0.2,1.1,2.0,6.1,2020-21
Matisse Thybulle,23.0,PHI,SG,65.0,8.0,20.0,1.6,3.7,0.42,0.7,2.2,0.301,0.9,1.5,0.59,0.508,0.1,0.3,0.444,0.5,1.4,1.9,1.0,1.6,1.1,0.5,2.0,3.9,2020-21
Joel Embiid,27.0,PHI,C,68.0,68.0,33.8,9.8,19.6,0.499,1.4,3.7,0.371,8.4,15.9,0.529,0.534,9.6,11.8,0.814,2.1,9.6,11.7,4.2,1.1,1.5,3.1,2.7,30.6,2021-22
LeBron James,37.0,LAL,C,56.0,56.0,37.2,11.4,21.8,0.524,2.9,8.0,0.359,8.6,13.8,0.62,0.59,4.5,6.0,0.756,1.1,7.1,8.2,6.2,1.3,1.1,3.5,2.2,30.3,2021-22
Giannis Antetokounmpo,27.0,MIL,PF,67.0,67.0,32.9,10.3,18.6,0.553,1.1,3.6,0.293,9.2,15.0,0.616,0.582,8.3,11.4,0.722,2.0,9.6,11.6,5.8,1.1,1.4,3.3,3.2,29.9,2021-22
Kevin Durant,33.0,BRK,PF,55.0,55.0,37.2,10.5,20.3,0.518,2.1,5.5,0.383,8.4,14.8,0.568,0.57,6.8,7.4,0.91,0.5,6.9,7.4,6.4,0.9,0.9,3.5,2.1,29.9,2021-22
Luka Dončić,22.0,DAL,PG,65.0,65.0,35.4,9.9,21.6,0.457,3.1,8.8,0.353,6.8,12.8,0.528,0.529,5.6,7.5,0.744,0.9,8.3,9.1,8.7,1.2,0.6,4.5,2.2,28.4,2021-22
Trae Young,23.0,ATL,PG,76.0,76.0,34.9,9.4,20.3,0.46,3.1,8.0,0.382,6.3,12.3,0.512,0.536,6.6,7.3,0.904,0.7,3.1,3.7,9.7,0.9,0.1,4.0,1.7,28.4,2021-22
DeMar DeRozan,32.0,CHI,PF,76.0,76.0,36.1,10.2,20.2,0.504,0.7,1.9,0.352,9.5,18.3,0.52,0.521,6.8,7.8,0.877,0.7,4.4,5.2,4.9,0.9,0.3,2.4,2.3,27.9,2021-22
Ja Morant,22.0,MEM,PG,57.0,57.0,33.1,10.2,20.6,0.493,1.5,4.5,0.344,8.6,16.2,0.534,0.53,5.5,7.3,0.761,1.4,4.4,5.7,6.7,1.2,0.4,3.4,1.5,27.4,2021-22
Nikola Jokić,26.0,DEN,C,74.0,74.0,33.5,10.3,17.7,0.583,1.3,3.9,0.337,9.0,13.8,0.652,0.62,5.1,6.3,0.81,2.8,11.0,13.8,7.9,1.5,0.9,3.8,2.6,27.1,2021-22
Jayson Tatum,23.0,BOS,SF,76.0,76.0,35.9,9.3,20.6,0.453,3.0,8.6,0.353,6.3,12.0,0.524,0.526,5.3,6.2,0.853,1.1,6.9,8.0,4.4,1.0,0.6,2.9,2.3,26.9,2021-22
Devin Booker,25.0,PHO,SG,68.0,68.0,34.5,9.7,20.9,0.466,2.7,7.0,0.383,7.0,13.9,0.508,0.53,4.6,5.3,0.868,0.7,4.4,5.0,4.8,1.1,0.4,2.4,2.6,26.8,2021-22
Donovan Mitchell,25.0,UTA,SG,67.0,67.0,33.8,9.2,20.5,0.448,3.5,9.8,0.355,5.7,10.8,0.533,0.533,4.0,4.7,0.853,0.8,3.4,4.2,5.3,1.5,0.2,3.0,2.4,25.9,2021-22
Stephen Curry,33.0,GSW,PG,64.0,64.0,34.5,8.4,19.1,0.437,4.5,11.7,0.38,3.9,7.4,0.527,0.554,4.3,4.7,0.923,0.5,4.7,5.2,6.3,1.3,0.4,3.2,2.0,25.5,2021-22
Karl-Anthony Towns,26.0,MIN,C,74.0,74.0,33.5,8.7,16.4,0.529,2.0,4.9,0.41,6.6,11.5,0.58,0.591,5.2,6.3,0.822,2.6,7.2,9.8,3.6,1.0,1.1,3.1,3.6,24.6,2021-22
Zach LaVine,26.0,CHI,SG,67.0,67.0,34.7,8.4,17.7,0.476,2.8,7.1,0.389,5.7,10.6,0.534,0.554,4.8,5.6,0.853,0.3,4.3,4.6,4.5,0.6,0.3,2.6,1.8,24.4,2021-22
Pascal Siakam,27.0,TOR,PF,68.0,68.0,37.9,8.8,17.8,0.494,1.1,3.2,0.344,7.7,14.5,0.527,0.525,4.2,5.6,0.749,1.9,6.6,8.5,5.3,1.3,0.6,2.7,3.3,22.8,2021-22
James Harden,32.0,2TM,PG,65.0,65.0,37.2,6.3,15.3,0.41,2.3,6.9,0.33,4.0,8.4,0.476,0.485,7.2,8.2,0.877,0.8,6.8,7.7,10.3,1.3,0.6,4.4,2.4,22.0,2021-22
Darius Garland,22.0,CLE,PG,68.0,68.0,35.7,8.0,17.3,0.462,2.6,6.7,0.383,5.4,10.6,0.512,0.536,3.2,3.5,0.892,0.6,2.7,3.3,8.6,1.3,0.1,3.6,1.7,21.7,2021-22
Jimmy Butler,32.0,MIA,SF,57.0,57.0,33.9,7.0,14.5,0.48,0.5,2.0,0.233,6.5,12.5,0.52,0.496,6.9,8.0,0.87,1.8,4.1,5.9,5.5,1.6,0.5,2.1,1.5,21.4,2021-22
Dejounte Murray,25.0,SAS,PG,68.0,68.0,34.8,8.4,18.3,0.462,1.4,4.3,0.327,7.0,13.9,0.504,0.5,2.9,3.6,0.794,1.2,7.1,8.3,9.2,2.0,0.3,2.6,2.0,21.1,2021-22
Tyler Herro,22.0,MIA,SG,66.0,10.0,32.6,7.6,17.0,0.447,2.7,6.7,0.399,4.9,10.3,0.477,0.525,2.9,3.3,0.868,0.5,4.5,5.0,4.0,0.7,0.1,2.6,1.4,20.7,2021-22
Fred VanVleet,27.0,TOR,PG,65.0,65.0,37.9,6.8,16.9,0.403,3.7,9.9,0.377,3.1,7.0,0.44,0.513,3.0,3.4,0.874,0.7,3.8,4.4,6.7,1.7,0.5,2.6,2.5,20.3,2021-22
LaMelo Ball,20.0,CHO,PG,75.0,75.0,32.3,7.2,16.7,0.429,2.9,7.5,0.389,4.2,9.2,0.462,0.517,2.8,3.2,0.872,1.4,5.2,6.7,7.6,1.6,0.4,3.3,3.2,20.1,2021-22
Khris Middleton,30.0,MIL,SF,66.0,66.0,32.4,6.8,15.5,0.443,2.5,6.6,0.373,4.4,8.9,0.494,0.522,3.9,4.4,0.89,0.6,4.8,5.4,5.4,1.2,0.3,2.9,2.4,20.1,2021-22
Bam Adebayo,24.0,MIA,C,56.0,56.0,32.6,7.3,13.0,0.557,0.0,0.1,0.0,7.3,12.9,0.562,0.557,4.6,6.1,0.753,2.4,7.6,10.1,3.4,1.4,0.8,2.6,3.1,19.1,2021-22
Jrue Holiday,31.0,MIL,PG,67.0,64.0,33.0,7.1,14.2,0.501,2.0,4.8,0.411,5.2,9.4,0.547,0.57,2.0,2.7,0.761,1.0,3.5,4.5,6.8,1.6,0.4,2.7,2.0,18.3,2021-22
Cade Cunningham,20.0,DET,SG,64.0,64.0,32.6,6.7,16.1,0.416,1.8,5.7,0.314,4.9,10.4,0.472,0.471,2.2,2.6,0.845,0.9,4.6,5.5,5.6,1.2,0.7,3.7,3.1,17.4,2021-22
Jalen Green,19.0,HOU,SG,67.0,67.0,31.9,6.1,14.2,0.426,2.3,6.8,0.343,3.7,7.4,0.502,0.508,2.8,3.5,0.797,0.5,2.9,3.4,2.6,0.7,0.3,2.0,1.5,17.3,2021-22
Andrew Wiggins,26.0,GSW,SF,73.0,73.0,31.9,6.5,14.0,0.466,2.2,5.5,0.393,4.4,8.5,0.513,0.543,2.0,3.2,0.634,1.2,3.3,4.5,2.2,1.0,0.7,1.5,2.2,17.2,2021-22
Jaren Jackson Jr.,22.0,MEM,PF,78.0,78.0,27.3,5.5,13.3,0.415,1.6,5.1,0.319,3.9,8.1,0.476,0.477,3.6,4.4,0.823,1.5,4.3,5.8,1.1,0.9,2.3,1.7,3.5,16.3,2021-22
Jarrett Allen,23.0,CLE,C,56.0,56.0,32.3,6.6,9.7,0.677,0.0,0.2,0.1,6.6,9.6,0.688,0.678,2.9,4.2,0.708,3.4,7.3,10.8,1.6,0.8,1.3,1.7,1.7,16.1,2021-22
Jordan Clarkson,29.0,UTA,SG,79.0,1.0,27.1,5.9,14.1,0.419,2.4,7.6,0.318,3.5,6.5,0.535,0.504,1.8,2.2,0.828,0.8,2.6,3.5,2.5,0.8,0.2,1.6,1.9,16.0,2021-22
Rudy Gobert,29.0,UTA,C,66.0,66.0,32.1,5.5,7.7,0.713,0.0,0.1,0.0,5.5,7.6,0.718,0.713,4.6,6.7,0.69,3.7,11.0,14.7,1.1,0.7,2.1,1.8,2.7,15.6,2021-22
Scottie Barnes,20.0,TOR,PF,74.0,74.0,35.4,6.2,12.6,0.492,0.8,2.6,0.301,5.4,10.0,0.543,0.524,2.1,2.9,0.735,2.6,4.9,7.5,3.5,1.1,0.7,1.8,2.6,15.3,2021-22
Franz Wagner,20.0,ORL,SF,79.0,79.0,30.7,5.8,12.3,0.468,1.2,3.4,0.354,4.6,8.9,0.511,0.517,2.4,2.8,0.863,1.1,3.4,4.5,2.9,0.9,0.4,1.5,2.1,15.2,2021-22
Bogdan Bogdanović,29.0,ATL,SG,63.0,27.0,29.3,5.4,12.6,0.431,2.7,7.3,0.368,2.7,5.3,0.516,0.537,1.5,1.8,0.843,0.5,3.5,4.0,3.1,1.1,0.2,1.1,2.1,15.1,2021-22
Evan Mobley,20.0,CLE,PF,69.0,69.0,33.8,6.1,12.0,0.508,0.3,1.3,0.25,5.8,10.7,0.541,0.522,2.4,3.7,0.663,2.1,6.2,8.3,2.5,0.8,1.7,1.9,2.1,15.0,2021-22
Kelly Oubre Jr.,26.0,CHO,SF,76.0,13.0,26.3,5.4,12.3,0.44,2.5,7.3,0.345,2.9,5.0,0.578,0.542,1.7,2.5,0.667,1.0,2.9,4.0,1.1,1.0,0.4,0.9,2.5,15.0,2021-22
Chris Paul,36.0,PHO,PG,65.0,65.0,32.9,5.6,11.3,0.493,1.0,3.1,0.317,4.6,8.3,0.559,0.536,2.6,3.1,0.837,0.3,4.0,4.4,10.8,1.9,0.3,2.4,2.1,14.7,2021-22
Mikal Bridges,25.0,PHO,SF,82.0,82.0,34.8,5.6,10.5,0.534,1.4,3.8,0.369,4.2,6.7,0.628,0.601,1.6,1.9,0.834,0.9,3.3,4.2,2.3,1.2,0.4,0.8,1.8,14.2,2021-22
Kevin Love,33.0,CLE,C,74.0,4.0,22.5,4.4,10.3,0.43,2.5,6.4,0.392,1.9,3.8,0.493,0.553,2.2,2.7,0.838,1.2,6.1,7.2,2.2,0.4,0.2,1.3,1.4,13.6,2021-22
Montrezl Harrell,28.0,2TM,C,71.0,3.0,23.1,5.0,7.8,0.645,0.1,0.2,0.235,5.0,7.6,0.658,0.649,3.0,4.2,0.716,2.1,4.0,6.1,2.0,0.4,0.6,1.0,1.9,13.1,2021-22
Cameron Johnson,25.0,PHO,PF,66.0,16.0,26.2,4.2,9.2,0.46,2.5,5.9,0.425,1.7,3.3,0.523,0.596,1.5,1.7,0.86,0.6,3.5,4.1,1.5,0.9,0.2,0.7,1.7,12.5,2021-22
Marcus Smart,27.0,BOS,PG,71.0,71.0,32.3,4.2,10.1,0.418,1.7,5.1,0.331,2.5,5.0,0.506,0.501,2.0,2.5,0.793,0.6,3.2,3.8,5.9,1.7,0.3,2.2,2.3,12.1,2021-22
Luke Kennard,25.0,LAC,SG,70.0,13.0,27.4,4.1,9.1,0.449,2.7,6.0,0.449,1.4,3.1,0.449,0.598,1.0,1.1,0.896,0.3,3.0,3.3,2.1,0.6,0.1,0.9,1.4,11.9,2021-22
Immanuel Quickley,22.0,NYK,PG,78.0,3.0,23.1,3.6,9.3,0.392,1.8,5.1,0.346,1.9,4.2,0.448,0.487,2.3,2.6,0.881,0.4,2.8,3.2,3.5,0.7,0.0,1.3,2.1,11.3,2021-22
De'Anthony Melton,23.0,MEM,SG,73.0,15.0,22.7,3.8,9.5,0.404,1.9,5.1,0.374,1.9,4.4,0.44,0.504,1.2,1.6,0.75,0.9,3.6,4.5,2.7,1.4,0.5,1.5,1.8,10.8,2021-22
Brandon Clarke,25.0,MEM,PF,64.0,1.0,19.5,4.5,7.0,0.644,0.1,0.3,0.227,4.4,6.6,0.666,0.65,1.3,2.0,0.654,2.1,3.2,5.3,1.3,0.6,1.1,0.5,1.9,10.4,2021-22
Al Horford,35.0,BOS,C,69.0,69.0,29.1,3.9,8.2,0.467,1.3,3.8,0.336,2.6,4.4,0.582,0.546,1.2,1.4,0.842,1.6,6.1,7.7,3.4,0.7,1.3,0.9,1.9,10.2,2021-22
Robert Williams,24.0,BOS,C,61.0,61.0,29.6,4.4,6.0,0.736,0.0,0.0,0.0,4.4,6.0,0.738,0.736,1.1,1.5,0.722,3.9,5.7,9.6,2.0,0.9,2.2,1.0,2.2,10.0,2021-22
Herbert Jones,23.0,NOP,PF,78.0,69.0,29.9,3.5,7.4,0.476,0.7,2.2,0.337,2.8,5.2,0.533,0.525,1.8,2.1,0.84,1.3,2.5,3.8,2.1,1.7,0.8,1.3,3.1,9.5,2021-22
Tyus Jones,25.0,MEM,PG,73.0,23.0,21.2,3.4,7.6,0.451,1.1,2.8,0.39,2.3,4.8,0.487,0.524,0.7,0.9,0.818,0.2,2.2,2.4,4.4,0.9,0.0,0.6,0.4,8.7,2021-22
Draymond Green,31.0,GSW,PF,46.0,44.0,28.9,2.9,5.6,0.525,0.3,1.2,0.296,2.6,4.4,0.586,0.556,1.3,2.0,0.659,1.0,6.3,7.3,7.0,1.3,1.1,3.0,3.0,7.5,2021-22
Maxi Kleber,30.0,DAL,PF,59.0,21.0,24.6,2.4,6.0,0.398,1.4,4.3,0.325,1.0,1.7,0.586,0.516,0.8,1.1,0.708,1.2,4.7,5.9,1.2,0.5,1.0,0.8,2.3,7.0,2021-22
Matisse Thybulle,24.0,PHI,SG,66.0,50.0,25.5,2.3,4.5,0.5,0.7,2.2,0.313,1.6,2.4,0.673,0.575,0.5,0.7,0.791,0.6,1.7,2.3,1.1,1.7,1.1,0.6,2.4,5.7,2021-22
Joel Embiid,28.0,PHI,C,66.0,66.0,34.6,11.0,20.1,0.548,1.0,3.0,0.33,10.0,17.1,0.587,0.573,10.0,11.7,0.857,1.7,8.4,10.2,4.2,1.0,1.7,3.4,3.1,33.1,2022-23
Luka Dončić,23.0,DAL,PG,66.0,66.0,36.2,10.9,22.0,0.496,2.8,8.2,0.342,8.1,13.8,0.588,0.56,7.8,10.5,0.742,0.8,7.8,8.6,8.0,1.4,0.5,3.6,2.5,32.4,2022-23
Damian Lillard,32.0,POR,PG,58.0,58.0,36.3,9.6,20.7,0.463,4.2,11.3,0.371,5.4,9.4,0.574,0.564,8.8,9.6,0.914,0.8,4.0,4.8,7.3,0.9,0.3,3.3,1.9,32.2,2022-23
Shai Gilgeous-Alexander,24.0,OKC,PG,68.0,68.0,35.5,10.4,20.3,0.51,0.9,2.5,0.345,9.5,17.8,0.533,0.531,9.8,10.9,0.905,0.9,4.0,4.8,5.5,1.6,1.0,2.8,2.8,31.4,2022-23
Giannis Antetokounmpo,28.0,MIL,PF,63.0,63.0,32.1,11.2,20.3,0.553,0.7,2.7,0.275,10.5,17.6,0.596,0.572,7.9,12.3,0.645,2.2,9.6,11.8,5.7,0.8,0.8,3.9,3.1,31.1,2022-23
Jayson Tatum,24.0,BOS,SF,74.0,74.0,36.9,9.8,21.1,0.466,3.2,9.3,0.35,6.6,11.8,0.558,0.543,7.2,8.4,0.854,1.1,7.7,8.8,4.6,1.1,0.7,2.9,2.2,30.1,2022-23
Stephen Curry,34.0,GSW,PG,56.0,56.0,34.7,10.0,20.2,0.493,4.9,11.4,0.427,5.1,8.8,0.579,0.614,4.6,5.0,0.915,0.7,5.4,6.1,6.3,0.9,0.4,3.2,2.1,29.4,2022-23
Kevin Durant,34.0,2TM,PF,47.0,47.0,35.6,10.3,18.3,0.56,2.0,4.9,0.404,8.3,13.4,0.617,0.614,6.5,7.1,0.919,0.4,6.3,6.7,5.0,0.7,1.4,3.3,2.1,29.1,2022-23
LeBron James,38.0,LAL,PF,55.0,54.0,35.5,11.1,22.2,0.5,2.2,6.9,0.321,8.9,15.3,0.58,0.549,4.6,5.9,0.768,1.2,7.1,8.3,6.8,0.9,0.6,3.2,1.6,28.9,2022-23
Donovan Mitchell,26.0,CLE,SG,68.0,68.0,35.8,10.0,20.6,0.484,3.6,9.3,0.386,6.4,11.3,0.566,0.572,4.7,5.4,0.867,0.9,3.3,4.3,4.4,1.5,0.4,2.6,2.5,28.3,2022-23
Kyrie Irving,30.0,2TM,SG,60.0,60.0,37.4,9.9,20.1,0.494,3.1,8.3,0.379,6.8,11.8,0.574,0.572,4.1,4.6,0.905,1.0,4.1,5.1,5.5,1.1,0.8,2.1,2.8,27.1,2022-23
Jaylen Brown,26.0,BOS,SF,67.0,67.0,35.9,10.1,20.6,0.491,2.4,7.3,0.335,7.7,13.4,0.576,0.55,3.9,5.1,0.765,1.2,5.7,6.9,3.5,1.1,0.4,2.9,2.6,26.6,2022-23
Ja Morant,23.0,MEM,PG,61.0,59.0,31.9,9.3,19.9,0.466,1.5,4.9,0.307,7.8,15.0,0.519,0.504,6.1,8.1,0.748,1.0,4.9,5.9,8.1,1.1,0.3,3.4,1.6,26.2,2022-23
Zion Williamson,22.0,NOP,PF,29.0,29.0,33.0,9.8,16.2,0.608,0.2,0.7,0.368,9.6,15.5,0.618,0.615,6.1,8.6,0.714,2.0,5.0,7.0,4.6,1.1,0.6,3.4,2.2,26.0,2022-23
Lauri Markkanen,25.0,UTA,PF,66.0,66.0,34.4,8.7,17.3,0.499,3.0,7.7,0.391,5.6,9.6,0.585,0.586,5.3,6.0,0.875,2.0,6.7,8.6,1.9,0.6,0.6,1.9,2.1,25.6,2022-23
Julius Randle,28.0,NYK,PF,77.0,77.0,35.5,8.5,18.6,0.459,2.8,8.3,0.343,5.7,10.3,0.553,0.536,5.2,6.9,0.757,1.8,8.1,10.0,4.1,0.6,0.3,2.8,3.0,25.1,2022-23
De'Aaron Fox,25.0,SAC,PG,73.0,73.0,33.4,9.3,18.2,0.512,1.6,5.0,0.324,7.7,13.2,0.584,0.557,4.7,6.0,0.78,0.5,3.6,4.2,6.1,1.1,0.3,2.5,2.4,25.0,2022-23
Anthony Edwards,21.0,MIN,SG,79.0,79.0,36.0,8.9,19.5,0.459,2.7,7.3,0.369,6.3,12.2,0.513,0.528,4.0,5.3,0.756,0.6,5.2,5.8,4.4,1.6,0.7,3.3,2.4,24.6,2022-23
DeMar DeRozan,33.0,CHI,SF,74.0,74.0,36.2,8.9,17.6,0.504,0.6,1.9,0.324,8.3,15.7,0.526,0.522,6.2,7.1,0.872,0.5,4.2,4.6,5.1,1.1,0.5,2.1,2.5,24.5,2022-23
Nikola Jokić,27.0,DEN,C,69.0,69.0,33.7,9.4,14.8,0.632,0.8,2.2,0.383,8.5,12.7,0.675,0.66,4.9,6.0,0.822,2.4,9.4,11.8,9.8,1.3,0.7,3.6,2.5,24.5,2022-23
Pascal Siakam,28.0,TOR,PF,71.0,71.0,37.4,8.9,18.5,0.48,1.3,4.0,0.324,7.6,14.5,0.523,0.515,5.2,6.7,0.774,1.8,6.0,7.8,5.8,0.9,0.5,2.4,3.2,24.2,2022-23
Jalen Brunson,26.0,NYK,PG,68.0,68.0,35.0,8.6,17.6,0.491,2.0,4.7,0.416,6.7,12.8,0.519,0.547,4.8,5.8,0.829,0.6,3.0,3.5,6.2,0.9,0.2,2.1,2.2,24.0,2022-23
Paul George,32.0,LAC,SF,56.0,56.0,34.6,8.2,17.9,0.457,2.8,7.6,0.371,5.4,10.3,0.521,0.536,4.6,5.3,0.871,0.8,5.3,6.1,5.1,1.5,0.4,3.1,2.8,23.8,2022-23
Jimmy Butler,33.0,MIA,PF,64.0,64.0,33.4,7.5,13.9,0.539,0.6,1.6,0.35,6.9,12.3,0.564,0.56,7.4,8.7,0.85,2.2,3.7,5.9,5.3,1.8,0.3,1.6,1.3,22.9,2022-23
Tyrese Haliburton,22.0,IND,PG,56.0,56.0,33.6,7.4,15.0,0.49,2.9,7.2,0.4,4.5,7.8,0.572,0.586,3.1,3.6,0.871,0.6,3.1,3.7,10.4,1.6,0.4,2.5,1.2,20.7,2022-23
Bam Adebayo,25.0,MIA,C,75.0,75.0,34.6,8.0,14.9,0.54,0.0,0.2,0.083,8.0,14.7,0.545,0.541,4.3,5.4,0.806,2.5,6.7,9.2,3.2,1.2,0.8,2.5,2.8,20.4,2022-23
Paolo Banchero,20.0,ORL,PF,72.0,72.0,33.8,6.7,15.6,0.427,1.2,4.0,0.298,5.5,11.6,0.471,0.465,5.5,7.4,0.738,1.2,5.7,6.9,3.7,0.8,0.5,2.8,2.2,20.0,2022-23
Jrue Holiday,32.0,MIL,PG,67.0,65.0,32.6,7.3,15.3,0.479,2.4,6.1,0.384,5.0,9.1,0.542,0.556,2.3,2.6,0.859,1.2,3.9,5.1,7.4,1.2,0.4,2.9,1.7,19.3,2022-23
Domantas Sabonis,26.0,SAC,C,79.0,79.0,34.6,7.3,11.9,0.615,0.4,1.1,0.373,6.9,10.8,0.639,0.632,4.1,5.5,0.742,3.2,9.1,12.3,7.3,0.8,0.5,2.9,3.5,19.1,2022-23
Jaren Jackson Jr.,23.0,MEM,C,63.0,63.0,28.4,6.6,13.0,0.506,1.6,4.5,0.355,5.0,8.6,0.585,0.567,3.8,4.9,0.788,1.7,5.0,6.8,1.0,1.0,3.0,1.7,3.6,18.6,2022-23
Norman Powell,29.0,LAC,SG,60.0,8.0,26.1,5.7,11.8,0.479,1.9,4.8,0.397,3.8,7.1,0.534,0.559,3.8,4.6,0.812,0.4,2.5,2.9,1.8,0.8,0.3,1.7,2.1,17.0,2022-23
OG Anunoby,25.0,TOR,SF,67.0,67.0,35.6,6.3,13.2,0.476,2.1,5.5,0.387,4.2,7.7,0.539,0.556,2.1,2.5,0.838,1.4,3.5,5.0,2.0,1.9,0.7,2.0,3.0,16.8,2022-23
Bennedict Mathurin,20.0,IND,SG,78.0,17.0,28.5,5.3,12.2,0.434,1.3,4.0,0.323,4.0,8.2,0.488,0.487,4.8,5.8,0.828,1.1,3.0,4.1,1.5,0.6,0.2,1.9,2.1,16.7,2022-23
Christian Wood,27.0,DAL,C,67.0,17.0,25.9,5.9,11.5,0.515,1.6,4.2,0.376,4.3,7.3,0.594,0.583,3.2,4.2,0.772,1.3,6.0,7.3,1.8,0.4,1.1,1.8,2.5,16.6,2022-23
Jaden Ivey,20.0,DET,SG,74.0,73.0,31.1,5.5,13.3,0.416,1.6,4.7,0.343,3.9,8.6,0.457,0.477,3.6,4.8,0.747,1.0,2.9,3.9,5.2,0.8,0.2,3.2,3.3,16.3,2022-23
Evan Mobley,21.0,CLE,PF,79.0,79.0,34.4,6.6,12.0,0.554,0.3,1.3,0.216,6.4,10.7,0.595,0.566,2.6,3.8,0.674,2.4,6.6,9.0,2.8,0.8,1.5,1.8,2.8,16.2,2022-23
Brook Lopez,34.0,MIL,C,78.0,78.0,30.4,6.1,11.5,0.531,1.7,4.7,0.374,4.4,6.9,0.637,0.606,1.9,2.4,0.784,2.0,4.7,6.7,1.3,0.5,2.5,1.4,2.6,15.9,2022-23
Russell Westbrook,34.0,2TM,PG,73.0,24.0,29.1,5.9,13.6,0.436,1.2,3.9,0.311,4.7,9.7,0.487,0.481,2.8,4.3,0.656,1.2,4.6,5.8,7.5,1.0,0.5,3.5,2.2,15.9,2022-23
Malcolm Brogdon,30.0,BOS,PG,67.0,0.0,26.0,5.3,10.9,0.484,2.0,4.4,0.444,3.3,6.5,0.51,0.574,2.4,2.7,0.87,0.6,3.6,4.2,3.7,0.7,0.3,1.5,1.6,14.9,2022-23
Immanuel Quickley,23.0,NYK,SG,81.0,21.0,28.9,5.2,11.6,0.448,2.1,5.6,0.37,3.1,6.0,0.521,0.537,2.5,3.1,0.819,0.7,3.4,4.2,3.4,1.0,0.2,1.2,2.0,14.9,2022-23
Bobby Portis,27.0,MIL,PF,70.0,22.0,26.0,5.7,11.5,0.496,1.4,3.7,0.37,4.3,7.8,0.555,0.555,1.4,1.8,0.768,2.2,7.4,9.6,1.5,0.4,0.2,1.2,1.6,14.1,2022-23
Jalen Williams,21.0,OKC,SG,75.0,62.0,30.3,5.5,10.6,0.521,1.0,2.7,0.356,4.5,7.9,0.579,0.567,2.1,2.5,0.812,1.1,3.4,4.5,3.3,1.4,0.5,1.6,2.5,14.1,2022-23
Malik Monk,24.0,SAC,SG,77.0,0.0,22.3,4.6,10.3,0.448,1.9,5.2,0.359,2.8,5.2,0.538,0.538,2.4,2.7,0.889,0.4,2.2,2.6,3.9,0.6,0.3,1.9,1.6,13.5,2022-23
Austin Reaves,24.0,LAL,SG,64.0,22.0,28.8,4.0,7.7,0.529,1.3,3.4,0.398,2.7,4.3,0.631,0.616,3.6,4.1,0.864,0.5,2.5,3.0,3.4,0.5,0.3,1.5,1.7,13.0,2022-23
Nic Claxton,23.0,BRK,C,76.0,76.0,29.9,5.4,7.7,0.705,0.0,0.0,0.0,5.4,7.7,0.708,0.705,1.8,3.2,0.541,2.4,6.8,9.2,1.9,0.9,2.5,1.3,2.8,12.6,2022-23
Keegan Murray,22.0,SAC,SF,80.0,78.0,29.8,4.4,9.8,0.453,2.6,6.3,0.411,1.9,3.5,0.527,0.584,0.8,1.0,0.765,1.1,3.5,4.6,1.2,0.8,0.5,0.8,2.0,12.2,2022-23
Tyus Jones,26.0,MEM,PG,80.0,22.0,24.3,3.9,8.9,0.438,1.5,4.1,0.371,2.4,4.8,0.495,0.523,1.0,1.3,0.8,0.4,2.2,2.5,5.2,1.0,0.1,0.9,0.4,10.3,2022-23
Walker Kessler,21.0,UTA,C,74.0,40.0,23.0,4.0,5.6,0.72,0.0,0.0,0.333,4.0,5.6,0.723,0.721,1.1,2.1,0.516,3.1,5.3,8.4,0.9,0.4,2.3,0.8,2.3,9.2,2022-23
Draymond Green,32.0,GSW,PF,73.0,73.0,31.5,3.4,6.5,0.527,0.5,1.8,0.305,2.9,4.7,0.612,0.57,1.1,1.5,0.713,0.9,6.3,7.2,6.8,1.0,0.8,2.8,3.1,8.5,2022-23
Alex Caruso,28.0,CHI,PG,67.0,36.0,23.5,1.9,4.3,0.455,0.8,2.3,0.364,1.1,2.0,0.556,0.551,0.9,1.1,0.808,0.6,2.3,2.9,2.9,1.5,0.7,1.1,2.4,5.6,2022-23
Joel Embiid,29.0,PHI,C,39.0,39.0,33.6,11.5,21.8,0.529,1.4,3.6,0.388,10.2,18.3,0.556,0.561,10.2,11.6,0.883,2.4,8.6,11.0,5.6,1.2,1.7,3.8,2.9,34.7,2023-24
Luka Dončić,24.0,DAL,PG,70.0,70.0,37.5,11.5,23.6,0.487,4.1,10.6,0.382,7.4,13.0,0.573,0.573,6.8,8.7,0.786,0.8,8.4,9.2,9.8,1.4,0.5,4.0,2.1,33.9,2023-24
Giannis Antetokounmpo,29.0,MIL,PF,73.0,73.0,35.2,11.5,18.8,0.611,0.5,1.7,0.274,11.0,17.1,0.645,0.624,7.0,10.7,0.657,2.7,8.8,11.5,6.5,1.2,1.1,3.4,2.9,30.4,2023-24
Shai Gilgeous-Alexander,25.0,OKC,PG,75.0,75.0,34.0,10.6,19.8,0.535,1.3,3.6,0.353,9.3,16.2,0.576,0.567,7.6,8.7,0.874,0.9,4.7,5.5,6.2,2.0,0.9,2.2,2.5,30.1,2023-24
Jalen Brunson,27.0,NYK,PG,77.0,77.0,35.4,10.3,21.4,0.479,2.7,6.8,0.401,7.5,14.6,0.516,0.543,5.5,6.5,0.847,0.6,3.1,3.6,6.7,0.9,0.2,2.4,1.9,28.7,2023-24
Devin Booker,27.0,PHO,PG,68.0,68.0,36.0,9.4,19.2,0.492,2.2,6.1,0.364,7.2,13.0,0.552,0.55,6.0,6.7,0.886,0.8,3.7,4.5,6.9,0.9,0.4,2.6,3.0,27.1,2023-24
Kevin Durant,35.0,PHO,PF,75.0,75.0,37.2,10.0,19.1,0.523,2.2,5.4,0.413,7.8,13.7,0.567,0.581,4.8,5.6,0.856,0.5,6.1,6.6,5.0,0.9,1.2,3.3,1.8,27.1,2023-24
Jayson Tatum,25.0,BOS,PF,74.0,74.0,35.7,9.1,19.3,0.471,3.1,8.2,0.376,6.0,11.0,0.542,0.552,5.6,6.7,0.833,0.9,7.2,8.1,4.9,1.0,0.6,2.5,2.0,26.9,2023-24
De'Aaron Fox,26.0,SAC,PG,74.0,74.0,35.9,9.7,20.9,0.465,2.9,7.8,0.369,6.8,13.1,0.522,0.534,4.2,5.7,0.738,0.9,3.7,4.6,5.6,2.0,0.4,2.6,2.6,26.6,2023-24
Donovan Mitchell,27.0,CLE,SG,55.0,55.0,35.3,9.1,19.8,0.462,3.3,9.0,0.368,5.8,10.8,0.539,0.545,5.0,5.8,0.865,0.8,4.3,5.1,6.1,1.8,0.5,2.8,2.1,26.6,2023-24
Stephen Curry,35.0,GSW,PG,74.0,74.0,32.7,8.8,19.5,0.45,4.8,11.8,0.408,4.0,7.7,0.515,0.573,4.0,4.4,0.923,0.5,4.0,4.5,5.1,0.7,0.4,2.8,1.6,26.4,2023-24
Nikola Jokić,28.0,DEN,C,79.0,79.0,34.6,10.4,17.9,0.583,1.1,2.9,0.359,9.4,14.9,0.626,0.612,4.5,5.5,0.817,2.8,9.5,12.4,9.0,1.4,0.9,3.0,2.5,26.4,2023-24
Anthony Edwards,22.0,MIN,SG,79.0,78.0,35.1,9.1,19.7,0.461,2.4,6.7,0.357,6.7,13.0,0.515,0.522,5.4,6.4,0.836,0.7,4.8,5.4,5.1,1.3,0.5,3.1,1.8,25.9,2023-24
Tyrese Maxey,23.0,PHI,PG,70.0,70.0,37.5,9.1,20.3,0.45,3.0,8.1,0.373,6.1,12.1,0.501,0.524,4.7,5.4,0.868,0.5,3.2,3.7,6.2,1.0,0.5,1.7,2.2,25.9,2023-24
LeBron James,39.0,LAL,PF,71.0,71.0,35.3,9.6,17.9,0.54,2.1,5.1,0.41,7.5,12.8,0.592,0.599,4.3,5.7,0.75,0.9,6.4,7.3,8.3,1.3,0.5,3.5,1.1,25.7,2023-24
Trae Young,25.0,ATL,PG,54.0,54.0,36.0,8.0,18.7,0.43,3.2,8.7,0.373,4.8,10.0,0.479,0.516,6.4,7.5,0.855,0.4,2.3,2.8,10.8,1.3,0.2,4.4,2.0,25.7,2023-24
Kyrie Irving,31.0,DAL,SG,58.0,58.0,35.0,9.7,19.5,0.497,3.0,7.3,0.411,6.7,12.2,0.548,0.573,3.3,3.6,0.905,0.8,4.2,5.0,5.2,1.3,0.5,1.8,1.9,25.6,2023-24
Anthony Davis,30.0,LAL,C,76.0,76.0,35.5,9.4,16.9,0.556,0.4,1.4,0.271,9.0,15.5,0.582,0.567,5.5,6.8,0.816,3.1,9.5,12.6,3.5,1.2,2.3,2.1,2.3,24.7,2023-24
Damian Lillard,33.0,MIL,PG,73.0,73.0,35.3,7.4,17.5,0.424,3.0,8.5,0.354,4.4,9.0,0.49,0.51,6.5,7.0,0.92,0.5,3.9,4.4,7.0,1.0,0.2,2.6,1.8,24.3,2023-24
DeMar DeRozan,34.0,CHI,SF,79.0,79.0,37.8,8.2,17.2,0.48,0.9,2.8,0.333,7.3,14.3,0.509,0.507,6.6,7.7,0.853,0.5,3.8,4.3,5.3,1.1,0.6,1.7,2.0,24.0,2023-24
Julius Randle,29.0,NYK,PF,46.0,46.0,35.4,8.6,18.2,0.472,1.7,5.3,0.311,6.9,12.9,0.539,0.518,5.1,6.6,0.781,2.2,7.0,9.2,5.0,0.5,0.3,3.5,2.7,24.0,2023-24
Kawhi Leonard,32.0,LAC,SF,68.0,68.0,34.3,9.0,17.1,0.525,2.1,4.9,0.417,6.9,12.1,0.569,0.585,3.7,4.2,0.885,1.2,4.9,6.1,3.6,1.6,0.9,1.8,1.4,23.7,2023-24
Jaylen Brown,27.0,BOS,SF,70.0,70.0,33.5,9.0,17.9,0.499,2.1,5.9,0.354,6.9,12.1,0.57,0.557,3.0,4.3,0.703,1.2,4.3,5.5,3.6,1.2,0.5,2.4,2.6,23.0,2023-24
Paolo Banchero,21.0,ORL,PF,80.0,80.0,35.0,8.0,17.6,0.455,1.5,4.4,0.339,6.5,13.2,0.493,0.497,5.1,7.0,0.725,1.0,5.9,6.9,5.4,0.9,0.6,3.1,1.9,22.6,2023-24
Paul George,33.0,LAC,PF,74.0,74.0,33.8,7.9,16.7,0.471,3.3,7.9,0.413,4.6,8.8,0.523,0.569,3.6,3.9,0.907,0.5,4.7,5.2,3.5,1.5,0.5,2.1,2.7,22.6,2023-24
Karl-Anthony Towns,28.0,MIN,PF,62.0,62.0,32.7,7.7,15.3,0.504,2.2,5.3,0.416,5.5,10.1,0.55,0.575,4.1,4.7,0.873,1.5,6.8,8.3,3.0,0.7,0.7,2.9,3.3,21.8,2023-24
Victor Wembanyama,20.0,SAS,C,71.0,71.0,29.7,7.8,16.7,0.465,1.8,5.5,0.325,6.0,11.2,0.534,0.519,4.1,5.2,0.796,2.3,8.4,10.6,3.9,1.2,3.6,3.7,2.2,21.4,2023-24
Tyrese Haliburton,23.0,IND,PG,69.0,68.0,32.2,7.2,15.2,0.477,2.8,7.8,0.364,4.4,7.4,0.595,0.57,2.8,3.3,0.855,0.5,3.4,3.9,10.9,1.2,0.7,2.3,1.1,20.1,2023-24
Scottie Barnes,22.0,TOR,SG,60.0,60.0,34.9,7.5,15.7,0.475,1.7,4.9,0.341,5.8,10.8,0.536,0.528,3.3,4.2,0.781,2.4,5.9,8.2,6.1,1.3,1.5,2.8,2.0,19.9,2023-24
Domantas Sabonis,27.0,SAC,C,82.0,82.0,35.7,7.7,13.0,0.594,0.4,1.1,0.379,7.3,12.0,0.613,0.609,3.6,5.1,0.704,3.6,10.1,13.7,8.2,0.9,0.6,3.3,3.0,19.4,2023-24
Bam Adebayo,26.0,MIA,C,71.0,71.0,34.0,7.5,14.3,0.521,0.2,0.6,0.357,7.3,13.7,0.528,0.529,4.1,5.5,0.755,2.2,8.1,10.4,3.9,1.1,0.9,2.3,2.2,19.3,2023-24
Jalen Williams,22.0,OKC,PF,71.0,71.0,31.3,7.5,14.0,0.54,1.5,3.4,0.427,6.1,10.6,0.576,0.592,2.5,3.1,0.814,0.5,3.5,4.0,4.5,1.1,0.6,1.7,2.5,19.1,2023-24
Brandon Miller,21.0,CHO,SF,74.0,68.0,32.2,6.4,14.6,0.44,2.5,6.7,0.373,3.9,8.0,0.495,0.524,1.9,2.3,0.827,0.8,3.4,4.3,2.4,0.9,0.6,1.8,2.5,17.3,2023-24
Bogdan Bogdanović,31.0,ATL,SG,79.0,33.0,30.4,6.0,13.9,0.428,3.0,8.1,0.374,2.9,5.8,0.503,0.537,1.9,2.1,0.921,0.7,2.8,3.4,3.1,1.2,0.3,1.4,2.3,16.9,2023-24
Jarrett Allen,25.0,CLE,C,77.0,77.0,31.7,6.7,10.6,0.634,0.0,0.1,0.0,6.7,10.6,0.638,0.634,3.0,4.1,0.742,3.2,7.4,10.5,2.7,0.7,1.1,1.6,1.9,16.5,2023-24
Chet Holmgren,21.0,OKC,C,82.0,82.0,29.4,6.2,11.6,0.53,1.6,4.3,0.37,4.6,7.4,0.623,0.598,2.7,3.4,0.793,1.6,6.3,7.9,2.4,0.6,2.3,1.6,2.4,16.5,2023-24
Malik Monk,25.0,SAC,SG,72.0,0.0,26.0,5.5,12.4,0.443,2.1,5.9,0.35,3.4,6.5,0.528,0.526,2.4,2.8,0.829,0.4,2.6,2.9,5.1,0.6,0.5,2.1,2.2,15.4,2023-24
Bojan Bogdanović,34.0,2TM,PF,57.0,27.0,25.9,5.4,11.9,0.454,2.3,5.9,0.398,3.1,6.1,0.507,0.551,2.1,2.6,0.785,0.4,2.3,2.7,1.7,0.5,0.1,1.8,1.7,15.2,2023-24
Derrick White,29.0,BOS,SG,73.0,73.0,32.6,5.3,11.5,0.461,2.7,6.8,0.396,2.6,4.7,0.555,0.578,1.9,2.1,0.901,0.7,3.5,4.2,5.2,1.0,1.2,1.5,2.1,15.2,2023-24
Tim Hardaway Jr.,31.0,DAL,SF,79.0,12.0,26.8,5.0,12.4,0.402,2.7,7.6,0.353,2.3,4.8,0.478,0.51,1.8,2.1,0.852,0.3,2.9,3.2,1.8,0.5,0.1,0.9,1.3,14.4,2023-24
Rudy Gobert,31.0,MIN,C,76.0,76.0,34.1,5.3,8.1,0.661,0.0,0.0,0.0,5.3,8.0,0.664,0.661,3.3,5.1,0.638,3.8,9.2,12.9,1.3,0.7,2.1,1.6,3.1,14.0,2023-24
Norman Powell,30.0,LAC,SG,76.0,3.0,26.2,4.9,10.1,0.486,2.2,5.1,0.435,2.7,5.1,0.536,0.594,1.9,2.3,0.831,0.2,2.4,2.6,1.1,0.6,0.3,0.9,1.8,13.9,2023-24
Bobby Portis,28.0,MIL,PF,82.0,4.0,24.5,5.7,11.2,0.508,1.2,3.0,0.407,4.5,8.2,0.545,0.562,1.2,1.5,0.79,1.7,5.7,7.4,1.3,0.8,0.4,1.1,2.3,13.8,2023-24
Naz Reid,24.0,MIN,PF,81.0,14.0,24.2,5.0,10.5,0.477,2.1,5.0,0.414,2.9,5.5,0.535,0.576,1.3,1.8,0.736,0.9,4.3,5.2,1.3,0.8,0.9,1.4,2.1,13.5,2023-24
Jalen Suggs,22.0,ORL,SG,75.0,75.0,27.0,4.5,9.5,0.471,2.0,5.1,0.397,2.4,4.4,0.556,0.578,1.6,2.1,0.756,0.6,2.4,3.1,2.7,1.4,0.6,1.8,2.7,12.6,2023-24
Jrue Holiday,33.0,BOS,PG,69.0,69.0,32.8,4.8,10.0,0.48,2.0,4.7,0.429,2.8,5.3,0.526,0.581,0.9,1.0,0.833,1.2,4.2,5.4,4.8,0.9,0.8,1.8,1.6,12.5,2023-24
Jaime Jaquez Jr.,22.0,MIA,SF,75.0,20.0,28.2,4.5,9.3,0.489,0.9,2.7,0.322,3.7,6.6,0.558,0.536,1.9,2.3,0.811,1.1,2.7,3.8,2.6,1.0,0.3,1.5,2.2,11.9,2023-24
Russell Westbrook,35.0,LAC,PG,68.0,11.0,22.5,4.4,9.8,0.454,0.6,2.3,0.273,3.8,7.5,0.509,0.486,1.6,2.4,0.688,1.4,3.7,5.0,4.5,1.1,0.3,2.1,1.8,11.1,2023-24
Herbert Jones,25.0,NOP,SF,76.0,76.0,30.5,3.9,7.7,0.498,1.5,3.6,0.418,2.4,4.1,0.568,0.595,1.8,2.1,0.867,1.0,2.6,3.6,2.6,1.4,0.8,1.2,2.9,11.0,2023-24
T.J. McConnell,31.0,IND,PG,71.0,4.0,18.2,4.6,8.4,0.556,0.3,0.6,0.409,4.4,7.7,0.568,0.572,0.7,0.9,0.79,0.5,2.2,2.7,5.5,1.0,0.1,1.5,1.1,10.2,2023-24
Alex Caruso,29.0,CHI,SG,71.0,57.0,28.7,3.6,7.6,0.468,1.9,4.7,0.408,1.6,2.9,0.563,0.593,1.0,1.4,0.76,0.9,3.0,3.8,3.5,1.7,1.0,1.4,2.5,10.1,2023-24
Brandin Podziemski,20.0,GSW,SG,74.0,28.0,26.6,3.7,8.1,0.454,1.2,3.2,0.385,2.4,4.9,0.499,0.529,0.7,1.1,0.633,1.6,4.2,5.8,3.7,0.8,0.2,1.2,1.6,9.2,2023-24
Dereck Lively II,19.0,DAL,C,55.0,42.0,23.5,4.0,5.4,0.747,0.0,0.0,0.0,4.0,5.3,0.752,0.747,0.7,1.5,0.506,2.5,4.4,6.9,1.1,0.7,1.4,0.9,2.6,8.8,2023-24
Jose Alvarado,25.0,NOP,PG,56.0,0.0,18.4,2.5,6.2,0.412,1.4,3.7,0.377,1.1,2.5,0.464,0.525,0.6,0.9,0.673,0.4,1.8,2.3,2.1,1.1,0.3,0.7,1.6,7.1,2023-24
Jonathan Isaac,26.0,ORL,PF,58.0,2.0,15.8,2.5,4.9,0.51,0.7,1.9,0.375,1.8,3.0,0.598,0.584,1.0,1.4,0.72,1.3,3.2,4.5,0.5,0.7,1.2,0.5,1.1,6.8,2023-24
